r_seed=1,   C[0],   C[1],   H[2],   H[3],  
Charges,    2.0653000000,    2.2552000000,    0.9991000000,    0.9999000000,  
Time[fs],  44.334000,  46.382000,  14.090000,  14.149000,  
Charge Sum,    6.3195000000, 
X Velocity[A/fs],  -0.204797,   0.196315,  -0.624564,   0.630728,  
Y Velocity[A/fs],  -0.005669,   0.013404,  -0.001227,   0.037227, 
Z Velocity[A/fs],   0.005149,  -0.007693,   0.030941,  -0.012628,  
Speed[A/fs],   0.204940,   0.196923,   0.625331,   0.631952,  
 
